graph_id,src_id,dst_id,feat
0,0,1,1
0,1,2,1
0,2,3,1
0,3,4,1
0,4,5,1
3,0,1,1
3,1,2,1
3,2,3,1
3,3,4,1
3,4,5,1
3,5,6,1
3,6,7,1
3,7,8,1
3,8,9,1
3,9,10,1
3,10,11,1
3,11,12,1
3,12,13,1
3,13,14,1
3,14,15,1
3,15,16,1
3,16,17,1
3,17,18,1
3,18,19,1
4,0,1,1
4,1,2,1
4,2,3,1
4,3,4,1
4,4,5,1
4,5,6,1
4,6,7,1
4,7,8,1
4,8,9,1
4,9,10,1
4,10,11,1
4,11,12,1
4,12,13,1
4,13,14,1
4,14,15,1
4,15,16,1
4,16,17,1
6,0,1,1
6,1,2,1
6,2,3,1
6,3,4,1
6,4,5,1
6,5,6,1
6,6,7,1
6,7,8,1
6,8,9,1
6,9,10,1
6,10,11,1
6,11,12,1
6,12,13,1
6,13,14,1
6,14,15,1
6,15,16,1
6,16,17,1
6,17,18,1
6,18,19,1
7,0,1,1
7,1,2,1
7,2,3,1
7,3,4,1
7,4,5,1
7,5,6,1
7,6,7,1
7,7,8,1
7,8,9,1
7,9,10,1
7,10,11,1
7,11,12,1
7,12,13,1
7,13,14,1
7,14,15,1
7,15,16,1
7,16,17,1
7,17,18,1
7,18,19,1
8,0,1,1
8,1,2,1
8,2,3,1
8,3,4,1
8,4,5,1
8,5,6,1
8,6,7,1
8,7,8,1
8,8,9,1
8,9,10,1
8,10,11,1
8,11,12,1
8,12,13,1
8,13,14,1
8,14,15,1
8,15,16,1
8,16,17,1
8,17,18,1
8,18,19,1
8,19,20,1
8,20,21,1
8,21,22,1
8,22,23,1
8,23,24,1
8,24,25,1
8,25,26,1
8,26,27,1
8,27,28,1
8,28,29,1
8,29,30,1
8,30,31,1
8,31,32,1
10,0,1,1
10,1,2,1
10,2,3,1
10,3,4,1
10,4,5,1
10,5,6,1
10,6,7,1
10,7,8,1
10,8,9,1
10,9,10,1
10,10,11,1
10,11,12,1
10,12,13,1
10,13,14,1
10,14,15,1
10,15,16,1
10,16,17,1
10,17,18,1
10,18,19,1
10,19,20,1
10,20,21,1
10,21,22,1
10,22,23,1
10,23,24,1
10,24,25,1
10,25,26,1
10,26,27,1
10,27,28,1
10,28,29,1
10,29,30,1
10,30,31,1
13,0,1,1
13,1,2,1
13,2,3,1
13,3,4,1
13,4,5,1
13,5,6,1
13,6,7,1
13,7,8,1
13,8,9,1
13,9,10,1
13,10,11,1
13,11,12,1
13,12,13,1
13,13,14,1
13,14,15,1
13,15,16,1
13,16,17,1
13,17,18,1
13,18,19,1
14,0,1,1
14,1,2,1
14,2,3,1
14,3,4,1
14,4,5,1
14,5,6,1
14,6,7,1
14,7,8,1
14,8,9,1
14,9,10,1
14,10,11,1
14,11,12,1
14,12,13,1
14,13,14,1
14,14,15,1
14,15,16,1
17,0,1,1
17,1,2,1
17,2,3,1
17,3,4,1
17,4,5,1
17,5,6,1
17,6,7,1
17,7,8,1
17,8,9,1
17,9,10,1
17,10,11,1
17,11,12,1
17,12,13,1
17,13,14,1
17,14,15,1
17,15,16,1
17,16,17,1
17,17,18,1
17,18,19,1
17,19,20,1
17,20,21,1
17,21,22,1
17,22,23,1
18,0,1,1
18,1,2,1
18,2,3,1
18,3,4,1
18,4,5,1
18,5,6,1
18,6,7,1
18,7,8,1
18,8,9,1
18,9,10,1
18,10,11,1
18,11,12,1
18,12,13,1
18,13,14,1
18,14,15,1
18,15,16,1
18,16,17,1
18,17,18,1
18,18,19,1
18,19,20,1
18,20,21,1
18,21,22,1
18,22,23,1
18,23,24,1
19,0,1,1
19,1,2,1
19,2,3,1
19,3,4,1
19,4,5,1
19,5,6,1
19,6,7,1
19,7,8,1
19,8,9,1
19,9,10,1
19,10,11,1
19,11,12,1
19,12,13,1
19,13,14,1
19,14,15,1
19,15,16,1
19,16,17,1
19,17,18,1
20,0,1,1
20,1,2,1
20,2,3,1
20,3,4,1
20,4,5,1
20,5,6,1
20,6,7,1
20,7,8,1
20,8,9,1
20,9,10,1
20,10,11,1
20,11,12,1
20,12,13,1
20,13,14,1
20,14,15,1
20,15,16,1
20,16,17,1
20,17,18,1
20,18,19,1
20,19,20,1
20,20,21,1
20,21,22,1
20,22,23,1
20,23,24,1
20,24,25,1
20,25,26,1
20,26,27,1
20,27,28,1
21,0,1,1
21,1,2,1
21,2,3,1
21,3,4,1
21,4,5,1
21,5,6,1
21,6,7,1
21,7,8,1
21,8,9,1
21,9,10,1
21,10,11,1
21,11,12,1
21,12,13,1
21,13,14,1
21,14,15,1
21,15,16,1
22,0,1,1
22,1,2,1
22,2,3,1
22,3,4,1
22,4,5,1
22,5,6,1
22,6,7,1
22,7,8,1
22,8,9,1
22,9,10,1
22,10,11,1
22,11,12,1
22,12,13,1
22,13,14,1
22,14,15,1
22,15,16,1
23,0,1,1
23,1,2,1
23,2,3,1
23,3,4,1
23,4,5,1
23,5,6,1
23,6,7,1
23,7,8,1
23,8,9,1
23,9,10,1
23,10,11,1
23,11,12,1
23,12,13,1
23,13,14,1
23,14,15,1
23,15,16,1
23,16,17,1
23,17,18,1
23,18,19,1
23,19,20,1
23,20,21,1
23,21,22,1
24,0,1,1
24,1,2,1
24,2,3,1
24,3,4,1
24,4,5,1
24,5,6,1
24,6,7,1
24,7,8,1
24,8,9,1
24,9,10,1
24,10,11,1
24,11,12,1
24,12,13,1
24,13,14,1
24,14,15,1
24,15,16,1
24,16,17,1
24,17,18,1
24,18,19,1
24,19,20,1
24,20,21,1
25,0,1,1
25,1,2,1
25,2,3,1
25,3,4,1
25,4,5,1
25,5,6,1
25,6,7,1
25,7,8,1
25,8,9,1
25,9,10,1
25,10,11,1
25,11,12,1
25,12,13,1
25,13,14,1
25,14,15,1
25,15,16,1
25,16,17,1
25,17,18,1
25,18,19,1
25,19,20,1
25,20,21,1
25,21,22,1
25,22,23,1
29,0,1,1
29,1,2,1
29,2,3,1
29,3,4,1
29,4,5,1
29,5,6,1
29,6,7,1
29,7,8,1
29,8,9,1
29,9,10,1
29,10,11,1
29,11,12,1
29,12,13,1
29,13,14,1
29,14,15,1
29,15,16,1
29,16,17,1
29,17,18,1
29,18,19,1
29,19,20,1
29,20,21,1
29,21,22,1
29,22,23,1
29,23,24,1
29,24,25,1
29,25,26,1
29,26,27,1
29,27,28,1
29,28,29,1
29,29,30,1
30,0,1,1
30,1,2,1
30,2,3,1
30,3,4,1
30,4,5,1
30,5,6,1
30,6,7,1
30,7,8,1
30,8,9,1
30,9,10,1
30,10,11,1
30,11,12,1
30,12,13,1
30,13,14,1
30,14,15,1
30,15,16,1
30,16,17,1
30,17,18,1
31,0,1,1
31,1,2,1
31,2,3,1
31,3,4,1
31,4,5,1
31,5,6,1
31,6,7,1
31,7,8,1
31,8,9,1
31,9,10,1
31,10,11,1
31,11,12,1
31,12,13,1
31,13,14,1
31,14,15,1
31,15,16,1
33,0,1,1
33,1,2,1
33,2,3,1
33,3,4,1
33,4,5,1
33,5,6,1
33,6,7,1
33,7,8,1
33,8,9,1
33,9,10,1
33,10,11,1
33,11,12,1
33,12,13,1
33,13,14,1
33,14,15,1
33,15,16,1
33,16,17,1
33,17,18,1
33,18,19,1
33,19,20,1
33,20,21,1
35,0,1,1
35,1,2,1
35,2,3,1
35,3,4,1
35,4,5,1
35,5,6,1
35,6,7,1
35,7,8,1
35,8,9,1
35,9,10,1
35,10,11,1
35,11,12,1
35,12,13,1
35,13,14,1
35,14,15,1
35,15,16,1
35,16,17,1
35,17,18,1
35,18,19,1
35,19,20,1
35,20,21,1
35,21,22,1
35,22,23,1
35,23,24,1
35,24,25,1
35,25,26,1
35,26,27,1
35,27,28,1
35,28,29,1
35,29,30,1
35,30,31,1
35,31,32,1
35,32,33,1
35,33,34,1
35,34,35,1
35,35,36,1
35,36,37,1
35,37,38,1
35,38,39,1
35,39,40,1
35,40,41,1
35,41,42,1
35,42,43,1
35,43,44,1
35,44,45,1
35,45,46,1
35,46,47,1
35,47,48,1
35,48,49,1
35,49,50,1
35,50,51,1
35,51,52,1
35,52,53,1
35,53,54,1
35,54,55,1
35,55,56,1
35,56,57,1
35,57,58,1
35,58,59,1
35,59,60,1
35,60,61,1
35,61,62,1
35,62,63,1
35,63,64,1
35,64,65,1
35,65,66,1
35,66,67,1
35,67,68,1
35,68,69,1
35,69,70,1
35,70,71,1
35,71,72,1
35,72,73,1
35,73,74,1
35,74,75,1
35,75,76,1
35,76,77,1
35,77,78,1
35,78,79,1
36,0,1,1
36,1,2,1
36,2,3,1
36,3,4,1
36,4,5,1
36,5,6,1
36,6,7,1
36,7,8,1
36,8,9,1
36,9,10,1
36,10,11,1
36,11,12,1
36,12,13,1
36,13,14,1
36,14,15,1
36,15,16,1
36,16,17,1
36,17,18,1
36,18,19,1
36,19,20,1
36,20,21,1
36,21,22,1
36,22,23,1
36,23,24,1
36,24,25,1
36,25,26,1
36,26,27,1
37,0,1,1
37,1,2,1
37,2,3,1
37,3,4,1
37,4,5,1
37,5,6,1
37,6,7,1
37,7,8,1
37,8,9,1
37,9,10,1
37,10,11,1
37,11,12,1
37,12,13,1
37,13,14,1
37,14,15,1
37,15,16,1
37,16,17,1
38,0,1,1
38,1,2,1
38,2,3,1
38,3,4,1
38,4,5,1
38,5,6,1
38,6,7,1
38,7,8,1
38,8,9,1
38,9,10,1
38,10,11,1
38,11,12,1
38,12,13,1
38,13,14,1
38,14,15,1
38,15,16,1
38,16,17,1
38,17,18,1
38,18,19,1
38,19,20,1
38,20,21,1
38,21,22,1
39,0,1,1
39,1,2,1
39,2,3,1
39,3,4,1
39,4,5,1
39,5,6,1
39,6,7,1
39,7,8,1
39,8,9,1
39,9,10,1
39,10,11,1
39,11,12,1
39,12,13,1
39,13,14,1
39,14,15,1
39,15,16,1
39,16,17,1
39,17,18,1
39,18,19,1
40,0,1,1
40,1,2,1
40,2,3,1
40,3,4,1
40,4,5,1
40,5,6,1
40,6,7,1
40,7,8,1
40,8,9,1
40,9,10,1
40,10,11,1
40,11,12,1
40,12,13,1
40,13,14,1
40,14,15,1
40,15,16,1
40,16,17,1
40,17,18,1
41,0,1,1
41,1,2,1
41,2,3,1
41,3,4,1
41,4,5,1
41,5,6,1
41,6,7,1
41,7,8,1
41,8,9,1
41,9,10,1
41,10,11,1
41,11,12,1
41,12,13,1
41,13,14,1
41,14,15,1
41,15,16,1
41,16,17,1
41,17,18,1
41,18,19,1
41,19,20,1
41,20,21,1
41,21,22,1
41,22,23,1
41,23,24,1
41,24,25,1
41,25,26,1
41,26,27,1
41,27,28,1
41,28,29,1
41,29,30,1
41,30,31,1
41,31,32,1
41,32,33,1
41,33,34,1
41,34,35,1
41,35,36,1
41,36,37,1
41,37,38,1
41,38,39,1
41,39,40,1
41,40,41,1
41,41,42,1
41,42,43,1
41,43,44,1
41,44,45,1
41,45,46,1
41,46,47,1
41,47,48,1
41,48,49,1
41,49,50,1
41,50,51,1
41,51,52,1
41,52,53,1
41,53,54,1
41,54,55,1
41,55,56,1
41,56,57,1
41,57,58,1
41,58,59,1
41,59,60,1
41,60,61,1
41,61,62,1
41,62,63,1
41,63,64,1
41,64,65,1
41,65,66,1
41,66,67,1
41,67,68,1
41,68,69,1
41,69,70,1
41,70,71,1
41,71,72,1
41,72,73,1
41,73,74,1
41,74,75,1
41,75,76,1
41,76,77,1
41,77,78,1
41,78,79,1
41,79,80,1
41,80,81,1
41,81,82,1
41,82,83,1
41,83,84,1
41,84,85,1
41,85,86,1
41,86,87,1
41,87,88,1
41,88,89,1
41,89,90,1
41,90,91,1
41,91,92,1
41,92,93,1
41,93,94,1
41,94,95,1
41,95,96,1
41,96,97,1
41,97,98,1
41,98,99,1
41,99,100,1
41,100,101,1
41,101,102,1
41,102,103,1
41,103,104,1
41,104,105,1
41,105,106,1
41,106,107,1
41,107,108,1
41,108,109,1
41,109,110,1
41,110,111,1
41,111,112,1
41,112,113,1
41,113,114,1
41,114,115,1
41,115,116,1
41,116,117,1
41,117,118,1
41,118,119,1
41,119,120,1
41,120,121,1
41,121,122,1
41,122,123,1
41,123,124,1
41,124,125,1
41,125,126,1
41,126,127,1
41,127,128,1
41,128,129,1
41,129,130,1
41,130,131,1
41,131,132,1
41,132,133,1
41,133,134,1
41,134,135,1
41,135,136,1
41,136,137,1
41,137,138,1
41,138,139,1
41,139,140,1
41,140,141,1
41,141,142,1
41,142,143,1
41,143,144,1
41,144,145,1
41,145,146,1
41,146,147,1
41,147,148,1
41,148,149,1
41,149,150,1
41,150,151,1
41,151,152,1
41,152,153,1
41,153,154,1
41,154,155,1
41,155,156,1
41,156,157,1
41,157,158,1
41,158,159,1
41,159,160,1
41,160,161,1
41,161,162,1
41,162,163,1
41,163,164,1
41,164,165,1
41,165,166,1
41,166,167,1
41,167,168,1
41,168,169,1
41,169,170,1
41,170,171,1
41,171,172,1
41,172,173,1
41,173,174,1
41,174,175,1
41,175,176,1
41,176,177,1
41,177,178,1
41,178,179,1
41,179,180,1
41,180,181,1
41,181,182,1
41,182,183,1
41,183,184,1
41,184,185,1
41,185,186,1
41,186,187,1
41,187,188,1
41,188,189,1
41,189,190,1
41,190,191,1
41,191,192,1
41,192,193,1
41,193,194,1
41,194,195,1
41,195,196,1
41,196,197,1
41,197,198,1
41,198,199,1
41,199,200,1
41,200,201,1
41,201,202,1
41,202,203,1
41,203,204,1
41,204,205,1
41,205,206,1
41,206,207,1
41,207,208,1
41,208,209,1
41,209,210,1
41,210,211,1
41,211,212,1
41,212,213,1
41,213,214,1
41,214,215,1
41,215,216,1
41,216,217,1
41,217,218,1
41,218,219,1
41,219,220,1
41,220,221,1
41,221,222,1
41,222,223,1
41,223,224,1
41,224,225,1
41,225,226,1
41,226,227,1
41,227,228,1
41,228,229,1
41,229,230,1
41,230,231,1
41,231,232,1
41,232,233,1
41,233,234,1
41,234,235,1
41,235,236,1
41,236,237,1
41,237,238,1
41,238,239,1
41,239,240,1
41,240,241,1
41,241,242,1
41,242,243,1
41,243,244,1
41,244,245,1
41,245,246,1
41,246,247,1
41,247,248,1
41,248,249,1
41,249,250,1
41,250,251,1
41,251,252,1
41,252,253,1
41,253,254,1
41,254,255,1
41,255,256,1
41,256,257,1
41,257,258,1
41,258,259,1
41,259,260,1
41,260,261,1
41,261,262,1
41,262,263,1
41,263,264,1
41,264,265,1
41,265,266,1
41,266,267,1
41,267,268,1
41,268,269,1
41,269,270,1
41,270,271,1
41,271,272,1
41,272,273,1
41,273,274,1
41,274,275,1
41,275,276,1
41,276,277,1
41,277,278,1
41,278,279,1
41,279,280,1
41,280,281,1
41,281,282,1
41,282,283,1
41,283,284,1
41,284,285,1
41,285,286,1
41,286,287,1
41,287,288,1
41,288,289,1
41,289,290,1
41,290,291,1
41,291,292,1
41,292,293,1
41,293,294,1
41,294,295,1
41,295,296,1
41,296,297,1
41,297,298,1
41,298,299,1
41,299,300,1
41,300,301,1
41,301,302,1
41,302,303,1
41,303,304,1
41,304,305,1
41,305,306,1
41,306,307,1
41,307,308,1
41,308,309,1
41,309,310,1
41,310,311,1
41,311,312,1
41,312,313,1
41,313,314,1
41,314,315,1
41,315,316,1
41,316,317,1
41,317,318,1
41,318,319,1
41,319,320,1
41,320,321,1
41,321,322,1
41,322,323,1
41,323,324,1
41,324,325,1
41,325,326,1
41,326,327,1
41,327,328,1
41,328,329,1
41,329,330,1
41,330,331,1
41,331,332,1
41,332,333,1
41,333,334,1
41,334,335,1
41,335,336,1
41,336,337,1
41,337,338,1
41,338,339,1
41,339,340,1
41,340,341,1
41,341,342,1
41,342,343,1
41,343,344,1
41,344,345,1
41,345,346,1
41,346,347,1
41,347,348,1
41,348,349,1
41,349,350,1
41,350,351,1
41,351,352,1
41,352,353,1
41,353,354,1
41,354,355,1
41,355,356,1
41,356,357,1
41,357,358,1
41,358,359,1
41,359,360,1
41,360,361,1
41,361,362,1
41,362,363,1
41,363,364,1
41,364,365,1
41,365,366,1
41,366,367,1
41,367,368,1
41,368,369,1
41,369,370,1
41,370,371,1
41,371,372,1
41,372,373,1
41,373,374,1
41,374,375,1
41,375,376,1
41,376,377,1
41,377,378,1
41,378,379,1
41,379,380,1
41,380,381,1
41,381,382,1
41,382,383,1
41,383,384,1
41,384,385,1
41,385,386,1
41,386,387,1
41,387,388,1
41,388,389,1
41,389,390,1
41,390,391,1
41,391,392,1
41,392,393,1
41,393,394,1
41,394,395,1
41,395,396,1
41,396,397,1
41,397,398,1
41,398,399,1
41,399,400,1
41,400,401,1
41,401,402,1
41,402,403,1
41,403,404,1
41,404,405,1
41,405,406,1
41,406,407,1
41,407,408,1
41,408,409,1
41,409,410,1
41,410,411,1
41,411,412,1
41,412,413,1
41,413,414,1
42,0,1,1
42,1,2,1
42,2,3,1
42,3,4,1
42,4,5,1
42,5,6,1
42,6,7,1
42,7,8,1
42,8,9,1
42,9,10,1
42,10,11,1
42,11,12,1
42,12,13,1
42,13,14,1
42,14,15,1
42,15,16,1
42,16,17,1
42,17,18,1
42,18,19,1
42,19,20,1
42,20,21,1
42,21,22,1
43,0,1,1
43,1,2,1
43,2,3,1
43,3,4,1
43,4,5,1
43,5,6,1
43,6,7,1
43,7,8,1
43,8,9,1
43,9,10,1
45,0,1,1
45,1,2,1
45,2,3,1
45,3,4,1
45,4,5,1
45,5,6,1
45,6,7,1
45,7,8,1
45,8,9,1
45,9,10,1
45,10,11,1
45,11,12,1
45,12,13,1
45,13,14,1
45,14,15,1
45,15,16,1
45,16,17,1
45,17,18,1
45,18,19,1
45,19,20,1
45,20,21,1
45,21,22,1
45,22,23,1
45,23,24,1
45,24,25,1
45,25,26,1
45,26,27,1
45,27,28,1
45,28,29,1
45,29,30,1
45,30,31,1
45,31,32,1
45,32,33,1
45,33,34,1
45,34,35,1
45,35,36,1
45,36,37,1
45,37,38,1
45,38,39,1
45,39,40,1
45,40,41,1
45,41,42,1
45,42,43,1
45,43,44,1
45,44,45,1
45,45,46,1
45,46,47,1
45,47,48,1
45,48,49,1
45,49,50,1
45,50,51,1
45,51,52,1
47,0,1,1
47,1,2,1
47,2,3,1
47,3,4,1
47,4,5,1
47,5,6,1
47,6,7,1
47,7,8,1
47,8,9,1
47,9,10,1
47,10,11,1
47,11,12,1
47,12,13,1
47,13,14,1
47,14,15,1
47,15,16,1
47,16,17,1
47,17,18,1
47,18,19,1
47,19,20,1
47,20,21,1
47,21,22,1
47,22,23,1
47,23,24,1
47,24,25,1
47,25,26,1
47,26,27,1
47,27,28,1
47,28,29,1
47,29,30,1
47,30,31,1
47,31,32,1
47,32,33,1
47,33,34,1
47,34,35,1
47,35,36,1
47,36,37,1
47,37,38,1
47,38,39,1
47,39,40,1
47,40,41,1
47,41,42,1
49,0,1,1
49,1,2,1
49,2,3,1
49,3,4,1
49,4,5,1
49,5,6,1
49,6,7,1
49,7,8,1
49,8,9,1
49,9,10,1
49,10,11,1
49,11,12,1
49,12,13,1
49,13,14,1
49,14,15,1
49,15,16,1
49,16,17,1
49,17,18,1
49,18,19,1
49,19,20,1
49,20,21,1
49,21,22,1
49,22,23,1
49,23,24,1
49,24,25,1
49,25,26,1
49,26,27,1
49,27,28,1
49,28,29,1
49,29,30,1
49,30,31,1
49,31,32,1
49,32,33,1
49,33,34,1
49,34,35,1
49,35,36,1
49,36,37,1
49,37,38,1
49,38,39,1
49,39,40,1
49,40,41,1
49,41,42,1
49,42,43,1
49,43,44,1
49,44,45,1
49,45,46,1
49,46,47,1
49,47,48,1
49,48,49,1
49,49,50,1
49,50,51,1
49,51,52,1
49,52,53,1
49,53,54,1
49,54,55,1
49,55,56,1
49,56,57,1
49,57,58,1
49,58,59,1
49,59,60,1
49,60,61,1
49,61,62,1
49,62,63,1
49,63,64,1
49,64,65,1
49,65,66,1
49,66,67,1
49,67,68,1
49,68,69,1
49,69,70,1
49,70,71,1
49,71,72,1
49,72,73,1
49,73,74,1
49,74,75,1
49,75,76,1
49,76,77,1
49,77,78,1
49,78,79,1
49,79,80,1
49,80,81,1
49,81,82,1
49,82,83,1
49,83,84,1
49,84,85,1
49,85,86,1
49,86,87,1
49,87,88,1
49,88,89,1
49,89,90,1
49,90,91,1
49,91,92,1
49,92,93,1
49,93,94,1
49,94,95,1
49,95,96,1
49,96,97,1
49,97,98,1
49,98,99,1
49,99,100,1
49,100,101,1
49,101,102,1
49,102,103,1
49,103,104,1
49,104,105,1
49,105,106,1
49,106,107,1
49,107,108,1
49,108,109,1
49,109,110,1
49,110,111,1
49,111,112,1
49,112,113,1
49,113,114,1
49,114,115,1
49,115,116,1
49,116,117,1
49,117,118,1
49,118,119,1
49,119,120,1
49,120,121,1
49,121,122,1
49,122,123,1
49,123,124,1
49,124,125,1
49,125,126,1
49,126,127,1
49,127,128,1
49,128,129,1
49,129,130,1
49,130,131,1
49,131,132,1
49,132,133,1
49,133,134,1
49,134,135,1
49,135,136,1
49,136,137,1
49,137,138,1
49,138,139,1
49,139,140,1
49,140,141,1
49,141,142,1
49,142,143,1
49,143,144,1
49,144,145,1
49,145,146,1
49,146,147,1
49,147,148,1
49,148,149,1
49,149,150,1
49,150,151,1
49,151,152,1
49,152,153,1
49,153,154,1
49,154,155,1
49,155,156,1
49,156,157,1
49,157,158,1
49,158,159,1
49,159,160,1
49,160,161,1
49,161,162,1
49,162,163,1
49,163,164,1
49,164,165,1
49,165,166,1
49,166,167,1
49,167,168,1
49,168,169,1
49,169,170,1
49,170,171,1
49,171,172,1
49,172,173,1
49,173,174,1
49,174,175,1
49,175,176,1
49,176,177,1
49,177,178,1
49,178,179,1
49,179,180,1
49,180,181,1
49,181,182,1
49,182,183,1
49,183,184,1
49,184,185,1
49,185,186,1
49,186,187,1
49,187,188,1
49,188,189,1
49,189,190,1
49,190,191,1
49,191,192,1
49,192,193,1
49,193,194,1
49,194,195,1
49,195,196,1
49,196,197,1
49,197,198,1
49,198,199,1
49,199,200,1
49,200,201,1
49,201,202,1
49,202,203,1
49,203,204,1
49,204,205,1
49,205,206,1
49,206,207,1
49,207,208,1
49,208,209,1
49,209,210,1
49,210,211,1
49,211,212,1
49,212,213,1
49,213,214,1
49,214,215,1
49,215,216,1
49,216,217,1
49,217,218,1
49,218,219,1
49,219,220,1
49,220,221,1
49,221,222,1
49,222,223,1
49,223,224,1
49,224,225,1
49,225,226,1
49,226,227,1
49,227,228,1
49,228,229,1
49,229,230,1
49,230,231,1
49,231,232,1
49,232,233,1
49,233,234,1
49,234,235,1
49,235,236,1
49,236,237,1
49,237,238,1
49,238,239,1
49,239,240,1
49,240,241,1
49,241,242,1
49,242,243,1
49,243,244,1
49,244,245,1
49,245,246,1
49,246,247,1
49,247,248,1
49,248,249,1
49,249,250,1
49,250,251,1
49,251,252,1
49,252,253,1
49,253,254,1
49,254,255,1
49,255,256,1
49,256,257,1
49,257,258,1
49,258,259,1
49,259,260,1
49,260,261,1
49,261,262,1
49,262,263,1
49,263,264,1
49,264,265,1
49,265,266,1
49,266,267,1
49,267,268,1
49,268,269,1
49,269,270,1
49,270,271,1
49,271,272,1
49,272,273,1
49,273,274,1
49,274,275,1
49,275,276,1
49,276,277,1
49,277,278,1
49,278,279,1
49,279,280,1
49,280,281,1
49,281,282,1
49,282,283,1
49,283,284,1
49,284,285,1
49,285,286,1
49,286,287,1
49,287,288,1
49,288,289,1
49,289,290,1
49,290,291,1
49,291,292,1
49,292,293,1
49,293,294,1
49,294,295,1
49,295,296,1
49,296,297,1
49,297,298,1
49,298,299,1
49,299,300,1
49,300,301,1
49,301,302,1
49,302,303,1
49,303,304,1
49,304,305,1
49,305,306,1
49,306,307,1
49,307,308,1
49,308,309,1
49,309,310,1
49,310,311,1
49,311,312,1
49,312,313,1
49,313,314,1
49,314,315,1
49,315,316,1
49,316,317,1
49,317,318,1
49,318,319,1
49,319,320,1
49,320,321,1
49,321,322,1
49,322,323,1
49,323,324,1
49,324,325,1
49,325,326,1
49,326,327,1
49,327,328,1
49,328,329,1
49,329,330,1
49,330,331,1
49,331,332,1
49,332,333,1
49,333,334,1
49,334,335,1
49,335,336,1
49,336,337,1
49,337,338,1
49,338,339,1
49,339,340,1
49,340,341,1
49,341,342,1
49,342,343,1
49,343,344,1
49,344,345,1
49,345,346,1
49,346,347,1
49,347,348,1
49,348,349,1
49,349,350,1
49,350,351,1
49,351,352,1
49,352,353,1
49,353,354,1
49,354,355,1
49,355,356,1
49,356,357,1
49,357,358,1
49,358,359,1
49,359,360,1
49,360,361,1
49,361,362,1
49,362,363,1
49,363,364,1
49,364,365,1
49,365,366,1
49,366,367,1
49,367,368,1
49,368,369,1
49,369,370,1
49,370,371,1
49,371,372,1
49,372,373,1
49,373,374,1
49,374,375,1
49,375,376,1
49,376,377,1
49,377,378,1
49,378,379,1
49,379,380,1
49,380,381,1
49,381,382,1
49,382,383,1
49,383,384,1
49,384,385,1
49,385,386,1
49,386,387,1
49,387,388,1
49,388,389,1
49,389,390,1
49,390,391,1
49,391,392,1
49,392,393,1
49,393,394,1
49,394,395,1
49,395,396,1
49,396,397,1
49,397,398,1
49,398,399,1
49,399,400,1
49,400,401,1
49,401,402,1
49,402,403,1
49,403,404,1
49,404,405,1
49,405,406,1
49,406,407,1
49,407,408,1
49,408,409,1
49,409,410,1
49,410,411,1
49,411,412,1
49,412,413,1
49,413,414,1
49,414,415,1
49,415,416,1
49,416,417,1
49,417,418,1
49,418,419,1
49,419,420,1
49,420,421,1
49,421,422,1
49,422,423,1
49,423,424,1
49,424,425,1
49,425,426,1
49,426,427,1
49,427,428,1
49,428,429,1
49,429,430,1
49,430,431,1
49,431,432,1
49,432,433,1
49,433,434,1
49,434,435,1
49,435,436,1
49,436,437,1
49,437,438,1
49,438,439,1
49,439,440,1
49,440,441,1
49,441,442,1
49,442,443,1
49,443,444,1
49,444,445,1
49,445,446,1
49,446,447,1
49,447,448,1
49,448,449,1
49,449,450,1
49,450,451,1
49,451,452,1
49,452,453,1
49,453,454,1
49,454,455,1
49,455,456,1
49,456,457,1
49,457,458,1
49,458,459,1
49,459,460,1
49,460,461,1
49,461,462,1
49,462,463,1
49,463,464,1
49,464,465,1
49,465,466,1
49,466,467,1
49,467,468,1
49,468,469,1
49,469,470,1
49,470,471,1
49,471,472,1
49,472,473,1
49,473,474,1
49,474,475,1
49,475,476,1
49,476,477,1
49,477,478,1
49,478,479,1
49,479,480,1
49,480,481,1
49,481,482,1
49,482,483,1
49,483,484,1
49,484,485,1
49,485,486,1
49,486,487,1
49,487,488,1
49,488,489,1
49,489,490,1
49,490,491,1
49,491,492,1
49,492,493,1
49,493,494,1
49,494,495,1
49,495,496,1
49,496,497,1
49,497,498,1
49,498,499,1
49,499,500,1
49,500,501,1
49,501,502,1
49,502,503,1
49,503,504,1
51,0,1,1
51,1,2,1
51,2,3,1
51,3,4,1
51,4,5,1
51,5,6,1
51,6,7,1
51,7,8,1
51,8,9,1
51,9,10,1
51,10,11,1
51,11,12,1
51,12,13,1
51,13,14,1
51,14,15,1
51,15,16,1
51,16,17,1
51,17,18,1
51,18,19,1
51,19,20,1
51,20,21,1
52,0,1,1
52,1,2,1
52,2,3,1
52,3,4,1
52,4,5,1
52,5,6,1
52,6,7,1
52,7,8,1
52,8,9,1
52,9,10,1
52,10,11,1
52,11,12,1
52,12,13,1
52,13,14,1
52,14,15,1
52,15,16,1
52,16,17,1
52,17,18,1
56,0,1,1
56,1,2,1
56,2,3,1
56,3,4,1
56,4,5,1
56,5,6,1
56,6,7,1
56,7,8,1
56,8,9,1
56,9,10,1
56,10,11,1
56,11,12,1
56,12,13,1
56,13,14,1
56,14,15,1
56,15,16,1
56,16,17,1
56,17,18,1
56,18,19,1
56,19,20,1
56,20,21,1
57,0,1,1
57,1,2,1
57,2,3,1
57,3,4,1
57,4,5,1
57,5,6,1
57,6,7,1
57,7,8,1
57,8,9,1
57,9,10,1
57,10,11,1
57,11,12,1
57,12,13,1
57,13,14,1
57,14,15,1
57,15,16,1
57,16,17,1
57,17,18,1
57,18,19,1
60,0,1,1
60,1,2,1
60,2,3,1
60,3,4,1
60,4,5,1
60,5,6,1
60,6,7,1
60,7,8,1
60,8,9,1
60,9,10,1
60,10,11,1
60,11,12,1
60,12,13,1
60,13,14,1
60,14,15,1
60,15,16,1
60,16,17,1
60,17,18,1
60,18,19,1
60,19,20,1
60,20,21,1
61,0,1,1
61,1,2,1
61,2,3,1
61,3,4,1
61,4,5,1
61,5,6,1
61,6,7,1
61,7,8,1
61,8,9,1
61,9,10,1
61,10,11,1
61,11,12,1
61,12,13,1
61,13,14,1
61,14,15,1
61,15,16,1
61,16,17,1
61,17,18,1
61,18,19,1
61,19,20,1
61,20,21,1
63,0,1,1
63,1,2,1
63,2,3,1
63,3,4,1
63,4,5,1
63,5,6,1
63,6,7,1
63,7,8,1
63,8,9,1
63,9,10,1
63,10,11,1
63,11,12,1
63,12,13,1
63,13,14,1
63,14,15,1
63,15,16,1
63,16,17,1
63,17,18,1
63,18,19,1
64,0,1,1
64,1,2,1
64,2,3,1
64,3,4,1
64,4,5,1
64,5,6,1
64,6,7,1
64,7,8,1
64,8,9,1
64,9,10,1
64,10,11,1
64,11,12,1
64,12,13,1
64,13,14,1
64,14,15,1
64,15,16,1
64,16,17,1
64,17,18,1
64,18,19,1
64,19,20,1
64,20,21,1
64,21,22,1
64,22,23,1
64,23,24,1
64,24,25,1
64,25,26,1
64,26,27,1
64,27,28,1
64,28,29,1
64,29,30,1
64,30,31,1
64,31,32,1
64,32,33,1
64,33,34,1
64,34,35,1
64,35,36,1
64,36,37,1
64,37,38,1
64,38,39,1
64,39,40,1
64,40,41,1
64,41,42,1
64,42,43,1
64,43,44,1
64,44,45,1
64,45,46,1
64,46,47,1
64,47,48,1
64,48,49,1
64,49,50,1
64,50,51,1
64,51,52,1
64,52,53,1
64,53,54,1
64,54,55,1
64,55,56,1
64,56,57,1
64,57,58,1
64,58,59,1
64,59,60,1
64,60,61,1
64,61,62,1
64,62,63,1
64,63,64,1
64,64,65,1
64,65,66,1
64,66,67,1
64,67,68,1
64,68,69,1
64,69,70,1
64,70,71,1
64,71,72,1
64,72,73,1
64,73,74,1
64,74,75,1
64,75,76,1
64,76,77,1
64,77,78,1
64,78,79,1
64,79,80,1
64,80,81,1
64,81,82,1
64,82,83,1
66,0,1,1
66,1,2,1
66,2,3,1
66,3,4,1
66,4,5,1
66,5,6,1
66,6,7,1
66,7,8,1
66,8,9,1
66,9,10,1
66,10,11,1
66,11,12,1
66,12,13,1
66,13,14,1
66,14,15,1
66,15,16,1
66,16,17,1
66,17,18,1
66,18,19,1
66,19,20,1
66,20,21,1
66,21,22,1
66,22,23,1
66,23,24,1
66,24,25,1
69,0,1,1
69,1,2,1
69,2,3,1
69,3,4,1
69,4,5,1
69,5,6,1
69,6,7,1
69,7,8,1
69,8,9,1
69,9,10,1
69,10,11,1
69,11,12,1
69,12,13,1
69,13,14,1
69,14,15,1
69,15,16,1
69,16,17,1
69,17,18,1
69,18,19,1
69,19,20,1
69,20,21,1
69,21,22,1
69,22,23,1
69,23,24,1
69,24,25,1
69,25,26,1
69,26,27,1
69,27,28,1
69,28,29,1
72,0,1,1
72,1,2,1
72,2,3,1
72,3,4,1
72,4,5,1
72,5,6,1
72,6,7,1
72,7,8,1
72,8,9,1
72,9,10,1
72,10,11,1
72,11,12,1
72,12,13,1
72,13,14,1
72,14,15,1
72,15,16,1
72,16,17,1
72,17,18,1
72,18,19,1
72,19,20,1
72,20,21,1
72,21,22,1
72,22,23,1
72,23,24,1
72,24,25,1
72,25,26,1
72,26,27,1
72,27,28,1
72,28,29,1
72,29,30,1
72,30,31,1
72,31,32,1
75,0,1,1
75,1,2,1
75,2,3,1
75,3,4,1
75,4,5,1
75,5,6,1
75,6,7,1
75,7,8,1
75,8,9,1
75,9,10,1
75,10,11,1
75,11,12,1
75,12,13,1
75,13,14,1
75,14,15,1
75,15,16,1
76,0,1,1
76,1,2,1
76,2,3,1
76,3,4,1
76,4,5,1
76,5,6,1
76,6,7,1
76,7,8,1
76,8,9,1
76,9,10,1
76,10,11,1
76,11,12,1
76,12,13,1
76,13,14,1
76,14,15,1
76,15,16,1
76,16,17,1
76,17,18,1
78,0,1,1
78,1,2,1
78,2,3,1
78,3,4,1
79,0,1,1
79,1,2,1
79,2,3,1
79,3,4,1
82,0,1,1
82,1,2,1
82,2,3,1
82,3,4,1
82,4,5,1
82,5,6,1
82,6,7,1
82,7,8,1
82,8,9,1
82,9,10,1
82,10,11,1
82,11,12,1
82,12,13,1
82,13,14,1
82,14,15,1
82,15,16,1
82,16,17,1
82,17,18,1
82,18,19,1
82,19,20,1
82,20,21,1
83,0,1,1
83,1,2,1
83,2,3,1
83,3,4,1
83,4,5,1
83,5,6,1
83,6,7,1
83,7,8,1
83,8,9,1
83,9,10,1
83,10,11,1
83,11,12,1
83,12,13,1
83,13,14,1
83,14,15,1
83,15,16,1
83,16,17,1
83,17,18,1
83,18,19,1
83,19,20,1
83,20,21,1
83,21,22,1
83,22,23,1
83,23,24,1
83,24,25,1
83,25,26,1
83,26,27,1
83,27,28,1
83,28,29,1
83,29,30,1
83,30,31,1
83,31,32,1
83,32,33,1
83,33,34,1
83,34,35,1
83,35,36,1
83,36,37,1
83,37,38,1
83,38,39,1
84,0,1,1
84,1,2,1
84,2,3,1
84,3,4,1
84,4,5,1
84,5,6,1
84,6,7,1
84,7,8,1
84,8,9,1
84,9,10,1
84,10,11,1
84,11,12,1
84,12,13,1
84,13,14,1
84,14,15,1
84,15,16,1
84,16,17,1
84,17,18,1
84,18,19,1
84,19,20,1
84,20,21,1
87,0,1,1
87,1,2,1
87,2,3,1
87,3,4,1
87,4,5,1
87,5,6,1
87,6,7,1
87,7,8,1
87,8,9,1
87,9,10,1
87,10,11,1
87,11,12,1
87,12,13,1
87,13,14,1
87,14,15,1
87,15,16,1
87,16,17,1
87,17,18,1
87,18,19,1
87,19,20,1
87,20,21,1
87,21,22,1
87,22,23,1
88,0,1,1
88,1,2,1
88,2,3,1
88,3,4,1
88,4,5,1
88,5,6,1
88,6,7,1
88,7,8,1
88,8,9,1
88,9,10,1
88,10,11,1
88,11,12,1
88,12,13,1
88,13,14,1
88,14,15,1
88,15,16,1
88,16,17,1
88,17,18,1
88,18,19,1
88,19,20,1
88,20,21,1
88,21,22,1
88,22,23,1
88,23,24,1
88,24,25,1
88,25,26,1
88,26,27,1
88,27,28,1
88,28,29,1
88,29,30,1
89,0,1,1
89,1,2,1
89,2,3,1
89,3,4,1
89,4,5,1
89,5,6,1
89,6,7,1
89,7,8,1
89,8,9,1
89,9,10,1
89,10,11,1
89,11,12,1
89,12,13,1
89,13,14,1
89,14,15,1
89,15,16,1
89,16,17,1
89,17,18,1
89,18,19,1
89,19,20,1
89,20,21,1
89,21,22,1
89,22,23,1
89,23,24,1
89,24,25,1
89,25,26,1
89,26,27,1
89,27,28,1
89,28,29,1
89,29,30,1
89,30,31,1
89,31,32,1
89,32,33,1
89,33,34,1
89,34,35,1
89,35,36,1
89,36,37,1
89,37,38,1
89,38,39,1
89,39,40,1
89,40,41,1
89,41,42,1
89,42,43,1
89,43,44,1
89,44,45,1
89,45,46,1
89,46,47,1
89,47,48,1
89,48,49,1
89,49,50,1
89,50,51,1
89,51,52,1
89,52,53,1
89,53,54,1
89,54,55,1
89,55,56,1
89,56,57,1
89,57,58,1
89,58,59,1
89,59,60,1
89,60,61,1
89,61,62,1
89,62,63,1
89,63,64,1
89,64,65,1
89,65,66,1
89,66,67,1
89,67,68,1
89,68,69,1
89,69,70,1
89,70,71,1
89,71,72,1
90,0,1,1
90,1,2,1
90,2,3,1
90,3,4,1
90,4,5,1
90,5,6,1
90,6,7,1
90,7,8,1
90,8,9,1
90,9,10,1
90,10,11,1
90,11,12,1
90,12,13,1
90,13,14,1
90,14,15,1
90,15,16,1
90,16,17,1
90,17,18,1
90,18,19,1
90,19,20,1
90,20,21,1
90,21,22,1
90,22,23,1
90,23,24,1
90,24,25,1
90,25,26,1
90,26,27,1
90,27,28,1
90,28,29,1
90,29,30,1
90,30,31,1
90,31,32,1
90,32,33,1
90,33,34,1
90,34,35,1
90,35,36,1
90,36,37,1
90,37,38,1
90,38,39,1
90,39,40,1
90,40,41,1
90,41,42,1
90,42,43,1
90,43,44,1
90,44,45,1
90,45,46,1
90,46,47,1
91,0,1,1
91,1,2,1
91,2,3,1
91,3,4,1
91,4,5,1
91,5,6,1
91,6,7,1
91,7,8,1
91,8,9,1
91,9,10,1
91,10,11,1
91,11,12,1
91,12,13,1
91,13,14,1
91,14,15,1
91,15,16,1
91,16,17,1
91,17,18,1
91,18,19,1
91,19,20,1
91,20,21,1
91,21,22,1
91,22,23,1
92,0,1,1
92,1,2,1
92,2,3,1
92,3,4,1
92,4,5,1
92,5,6,1
92,6,7,1
92,7,8,1
92,8,9,1
92,9,10,1
92,10,11,1
92,11,12,1
92,12,13,1
92,13,14,1
92,14,15,1
92,15,16,1
92,16,17,1
92,17,18,1
92,18,19,1
92,19,20,1
92,20,21,1
92,21,22,1
92,22,23,1
92,23,24,1
93,0,1,1
93,1,2,1
93,2,3,1
93,3,4,1
93,4,5,1
93,5,6,1
93,6,7,1
93,7,8,1
93,8,9,1
93,9,10,1
93,10,11,1
93,11,12,1
93,12,13,1
93,13,14,1
93,14,15,1
93,15,16,1
93,16,17,1
93,17,18,1
93,18,19,1
93,19,20,1
93,20,21,1
93,21,22,1
93,22,23,1
93,23,24,1
93,24,25,1
93,25,26,1
93,26,27,1
93,27,28,1
93,28,29,1
93,29,30,1
93,30,31,1
93,31,32,1
93,32,33,1
93,33,34,1
93,34,35,1
93,35,36,1
93,36,37,1
93,37,38,1
93,38,39,1
93,39,40,1
93,40,41,1
93,41,42,1
93,42,43,1
93,43,44,1
93,44,45,1
93,45,46,1
93,46,47,1
93,47,48,1
93,48,49,1
93,49,50,1
93,50,51,1
93,51,52,1
93,52,53,1
93,53,54,1
93,54,55,1
93,55,56,1
93,56,57,1
93,57,58,1
93,58,59,1
93,59,60,1
93,60,61,1
93,61,62,1
93,62,63,1
93,63,64,1
93,64,65,1
93,65,66,1
93,66,67,1
93,67,68,1
93,68,69,1
93,69,70,1
93,70,71,1
93,71,72,1
93,72,73,1
93,73,74,1
93,74,75,1
93,75,76,1
93,76,77,1
93,77,78,1
93,78,79,1
93,79,80,1
93,80,81,1
93,81,82,1
93,82,83,1
93,83,84,1
93,84,85,1
93,85,86,1
93,86,87,1
93,87,88,1
93,88,89,1
93,89,90,1
93,90,91,1
93,91,92,1
93,92,93,1
93,93,94,1
93,94,95,1
93,95,96,1
93,96,97,1
93,97,98,1
93,98,99,1
93,99,100,1
93,100,101,1
93,101,102,1
93,102,103,1
93,103,104,1
93,104,105,1
93,105,106,1
93,106,107,1
93,107,108,1
93,108,109,1
93,109,110,1
93,110,111,1
93,111,112,1
93,112,113,1
93,113,114,1
93,114,115,1
93,115,116,1
93,116,117,1
93,117,118,1
93,118,119,1
93,119,120,1
93,120,121,1
93,121,122,1
93,122,123,1
93,123,124,1
93,124,125,1
93,125,126,1
93,126,127,1
93,127,128,1
93,128,129,1
93,129,130,1
93,130,131,1
93,131,132,1
93,132,133,1
93,133,134,1
93,134,135,1
93,135,136,1
93,136,137,1
93,137,138,1
93,138,139,1
93,139,140,1
93,140,141,1
93,141,142,1
93,142,143,1
93,143,144,1
93,144,145,1
93,145,146,1
93,146,147,1
93,147,148,1
93,148,149,1
93,149,150,1
93,150,151,1
93,151,152,1
93,152,153,1
93,153,154,1
93,154,155,1
93,155,156,1
93,156,157,1
93,157,158,1
93,158,159,1
93,159,160,1
93,160,161,1
93,161,162,1
93,162,163,1
93,163,164,1
93,164,165,1
93,165,166,1
93,166,167,1
93,167,168,1
93,168,169,1
93,169,170,1
93,170,171,1
93,171,172,1
93,172,173,1
93,173,174,1
93,174,175,1
93,175,176,1
93,176,177,1
93,177,178,1
93,178,179,1
93,179,180,1
93,180,181,1
93,181,182,1
93,182,183,1
93,183,184,1
93,184,185,1
93,185,186,1
93,186,187,1
93,187,188,1
93,188,189,1
93,189,190,1
93,190,191,1
93,191,192,1
93,192,193,1
93,193,194,1
93,194,195,1
93,195,196,1
93,196,197,1
93,197,198,1
93,198,199,1
93,199,200,1
93,200,201,1
93,201,202,1
93,202,203,1
93,203,204,1
94,0,1,1
94,1,2,1
94,2,3,1
94,3,4,1
94,4,5,1
94,5,6,1
94,6,7,1
94,7,8,1
94,8,9,1
94,9,10,1
94,10,11,1
94,11,12,1
94,12,13,1
94,13,14,1
94,14,15,1
94,15,16,1
94,16,17,1
94,17,18,1
94,18,19,1
95,0,1,1
95,1,2,1
95,2,3,1
95,3,4,1
95,4,5,1
95,5,6,1
95,6,7,1
95,7,8,1
95,8,9,1
95,9,10,1
95,10,11,1
95,11,12,1
95,12,13,1
95,13,14,1
95,14,15,1
95,15,16,1
97,0,1,1
97,1,2,1
97,2,3,1
97,3,4,1
97,4,5,1
97,5,6,1
97,6,7,1
97,7,8,1
97,8,9,1
97,9,10,1
97,10,11,1
97,11,12,1
97,12,13,1
97,13,14,1
97,14,15,1
97,15,16,1
97,16,17,1
97,17,18,1
97,18,19,1
97,19,20,1
97,20,21,1
97,21,22,1
97,22,23,1
97,23,24,1
98,0,1,1
98,1,2,1
98,2,3,1
98,3,4,1
98,4,5,1
98,5,6,1
98,6,7,1
98,7,8,1
98,8,9,1
98,9,10,1
98,10,11,1
98,11,12,1
98,12,13,1
98,13,14,1
98,14,15,1
98,15,16,1
98,16,17,1
98,17,18,1
98,18,19,1
99,0,1,1
99,1,2,1
99,2,3,1
99,3,4,1
99,4,5,1
99,5,6,1
99,6,7,1
99,7,8,1
99,8,9,1
99,9,10,1
99,10,11,1
99,11,12,1
99,12,13,1
99,13,14,1
99,14,15,1
99,15,16,1
99,16,17,1
99,17,18,1
99,18,19,1
99,19,20,1
99,20,21,1
101,0,1,1
101,1,2,1
101,2,3,1
101,3,4,1
101,4,5,1
101,5,6,1
101,6,7,1
101,7,8,1
101,8,9,1
101,9,10,1
101,10,11,1
101,11,12,1
101,12,13,1
101,13,14,1
101,14,15,1
101,15,16,1
101,16,17,1
101,17,18,1
101,18,19,1
101,19,20,1
101,20,21,1
101,21,22,1
101,22,23,1
101,23,24,1
101,24,25,1
102,0,1,1
102,1,2,1
102,2,3,1
102,3,4,1
102,4,5,1
102,5,6,1
102,6,7,1
102,7,8,1
102,8,9,1
102,9,10,1
102,10,11,1
102,11,12,1
102,12,13,1
102,13,14,1
102,14,15,1
102,15,16,1
102,16,17,1
102,17,18,1
102,18,19,1
102,19,20,1
102,20,21,1
102,21,22,1
102,22,23,1
106,0,1,1
106,1,2,1
106,2,3,1
106,3,4,1
106,4,5,1
106,5,6,1
106,6,7,1
106,7,8,1
106,8,9,1
106,9,10,1
106,10,11,1
106,11,12,1
106,12,13,1
106,13,14,1
106,14,15,1
106,15,16,1
106,16,17,1
106,17,18,1
106,18,19,1
106,19,20,1
106,20,21,1
107,0,1,1
107,1,2,1
107,2,3,1
107,3,4,1
107,4,5,1
107,5,6,1
107,6,7,1
107,7,8,1
107,8,9,1
107,9,10,1
107,10,11,1
107,11,12,1
107,12,13,1
107,13,14,1
107,14,15,1
107,15,16,1
107,16,17,1
107,17,18,1
107,18,19,1
107,19,20,1
107,20,21,1
109,0,1,1
109,1,2,1
109,2,3,1
109,3,4,1
109,4,5,1
109,5,6,1
109,6,7,1
109,7,8,1
109,8,9,1
109,9,10,1
109,10,11,1
109,11,12,1
109,12,13,1
109,13,14,1
109,14,15,1
109,15,16,1
109,16,17,1
109,17,18,1
109,18,19,1
110,0,1,1
110,1,2,1
110,2,3,1
110,3,4,1
110,4,5,1
110,5,6,1
110,6,7,1
110,7,8,1
110,8,9,1
110,9,10,1
110,10,11,1
110,11,12,1
110,12,13,1
110,13,14,1
110,14,15,1
110,15,16,1
110,16,17,1
113,0,1,1
113,1,2,1
113,2,3,1
113,3,4,1
113,4,5,1
113,5,6,1
113,6,7,1
113,7,8,1
113,8,9,1
113,9,10,1
113,10,11,1
113,11,12,1
113,12,13,1
113,13,14,1
113,14,15,1
113,15,16,1
113,16,17,1
113,17,18,1
113,18,19,1
113,19,20,1
113,20,21,1
114,0,1,1
114,1,2,1
114,2,3,1
114,3,4,1
114,4,5,1
114,5,6,1
114,6,7,1
114,7,8,1
114,8,9,1
114,9,10,1
114,10,11,1
114,11,12,1
114,12,13,1
114,13,14,1
114,14,15,1
114,15,16,1
114,16,17,1
114,17,18,1
114,18,19,1
114,19,20,1
114,20,21,1
114,21,22,1
114,22,23,1
116,0,1,1
116,1,2,1
116,2,3,1
116,3,4,1
116,4,5,1
116,5,6,1
116,6,7,1
116,7,8,1
116,8,9,1
116,9,10,1
116,10,11,1
116,11,12,1
116,12,13,1
116,13,14,1
116,14,15,1
116,15,16,1
116,16,17,1
116,17,18,1
116,18,19,1
116,19,20,1
116,20,21,1
116,21,22,1
116,22,23,1
116,23,24,1
116,24,25,1
116,25,26,1
116,26,27,1
116,27,28,1
116,28,29,1
116,29,30,1
116,30,31,1
116,31,32,1
116,32,33,1
116,33,34,1
117,0,1,1
117,1,2,1
117,2,3,1
117,3,4,1
117,4,5,1
117,5,6,1
117,6,7,1
117,7,8,1
117,8,9,1
117,9,10,1
117,10,11,1
117,11,12,1
117,12,13,1
117,13,14,1
117,14,15,1
117,15,16,1
117,16,17,1
117,17,18,1
117,18,19,1
117,19,20,1
117,20,21,1
118,0,1,1
118,1,2,1
118,2,3,1
118,3,4,1
118,4,5,1
118,5,6,1
118,6,7,1
118,7,8,1
118,8,9,1
118,9,10,1
118,10,11,1
118,11,12,1
118,12,13,1
118,13,14,1
118,14,15,1
118,15,16,1
118,16,17,1
118,17,18,1
118,18,19,1
118,19,20,1
118,20,21,1
119,0,1,1
119,1,2,1
119,2,3,1
119,3,4,1
119,4,5,1
119,5,6,1
119,6,7,1
119,7,8,1
119,8,9,1
119,9,10,1
119,10,11,1
119,11,12,1
119,12,13,1
119,13,14,1
119,14,15,1
119,15,16,1
119,16,17,1
119,17,18,1
119,18,19,1
119,19,20,1
119,20,21,1
119,21,22,1
119,22,23,1
119,23,24,1
119,24,25,1
119,25,26,1
119,26,27,1
119,27,28,1
119,28,29,1
119,29,30,1
119,30,31,1
119,31,32,1
119,32,33,1
119,33,34,1
119,34,35,1
119,35,36,1
119,36,37,1
119,37,38,1
119,38,39,1
119,39,40,1
119,40,41,1
119,41,42,1
119,42,43,1
119,43,44,1
119,44,45,1
119,45,46,1
119,46,47,1
119,47,48,1
119,48,49,1
119,49,50,1
119,50,51,1
119,51,52,1
119,52,53,1
119,53,54,1
119,54,55,1
119,55,56,1
119,56,57,1
119,57,58,1
119,58,59,1
119,59,60,1
119,60,61,1
119,61,62,1
119,62,63,1
119,63,64,1
119,64,65,1
119,65,66,1
119,66,67,1
119,67,68,1
119,68,69,1
119,69,70,1
119,70,71,1
119,71,72,1
119,72,73,1
119,73,74,1
119,74,75,1
119,75,76,1
119,76,77,1
119,77,78,1
119,78,79,1
119,79,80,1
119,80,81,1
119,81,82,1
119,82,83,1
119,83,84,1
119,84,85,1
119,85,86,1
119,86,87,1
119,87,88,1
119,88,89,1
119,89,90,1
119,90,91,1
119,91,92,1
119,92,93,1
119,93,94,1
119,94,95,1
119,95,96,1
119,96,97,1
119,97,98,1
119,98,99,1
119,99,100,1
119,100,101,1
119,101,102,1
119,102,103,1
119,103,104,1
119,104,105,1
119,105,106,1
119,106,107,1
119,107,108,1
119,108,109,1
119,109,110,1
119,110,111,1
120,0,1,1
120,1,2,1
120,2,3,1
120,3,4,1
120,4,5,1
120,5,6,1
120,6,7,1
120,7,8,1
120,8,9,1
120,9,10,1
120,10,11,1
120,11,12,1
120,12,13,1
120,13,14,1
120,14,15,1
120,15,16,1
120,16,17,1
120,17,18,1
120,18,19,1
120,19,20,1
120,20,21,1
120,21,22,1
120,22,23,1
120,23,24,1
120,24,25,1
120,25,26,1
120,26,27,1
121,0,1,1
121,1,2,1
121,2,3,1
121,3,4,1
121,4,5,1
121,5,6,1
121,6,7,1
121,7,8,1
121,8,9,1
121,9,10,1
121,10,11,1
121,11,12,1
121,12,13,1
121,13,14,1
121,14,15,1
121,15,16,1
121,16,17,1
121,17,18,1
121,18,19,1
121,19,20,1
121,20,21,1
121,21,22,1
121,22,23,1
121,23,24,1
122,0,1,1
122,1,2,1
122,2,3,1
122,3,4,1
122,4,5,1
122,5,6,1
122,6,7,1
122,7,8,1
122,8,9,1
122,9,10,1
122,10,11,1
122,11,12,1
122,12,13,1
122,13,14,1
122,14,15,1
122,15,16,1
122,16,17,1
122,17,18,1
122,18,19,1
122,19,20,1
122,20,21,1
122,21,22,1
122,22,23,1
122,23,24,1
123,0,1,1
123,1,2,1
123,2,3,1
123,3,4,1
123,4,5,1
123,5,6,1
123,6,7,1
123,7,8,1
123,8,9,1
123,9,10,1
123,10,11,1
123,11,12,1
123,12,13,1
123,13,14,1
123,14,15,1
123,15,16,1
123,16,17,1
123,17,18,1
123,18,19,1
123,19,20,1
123,20,21,1
123,21,22,1
123,22,23,1
123,23,24,1
124,0,1,1
124,1,2,1
124,2,3,1
124,3,4,1
124,4,5,1
124,5,6,1
124,6,7,1
124,7,8,1
124,8,9,1
124,9,10,1
124,10,11,1
124,11,12,1
124,12,13,1
124,13,14,1
124,14,15,1
124,15,16,1
124,16,17,1
125,0,1,1
125,1,2,1
125,2,3,1
125,3,4,1
125,4,5,1
125,5,6,1
125,6,7,1
125,7,8,1
125,8,9,1
125,9,10,1
125,10,11,1
125,11,12,1
125,12,13,1
125,13,14,1
125,14,15,1
125,15,16,1
125,16,17,1
125,17,18,1
125,18,19,1
126,0,1,1
126,1,2,1
126,2,3,1
126,3,4,1
126,4,5,1
126,5,6,1
126,6,7,1
126,7,8,1
126,8,9,1
126,9,10,1
126,10,11,1
126,11,12,1
126,12,13,1
126,13,14,1
126,14,15,1
126,15,16,1
126,16,17,1
126,17,18,1
126,18,19,1
126,19,20,1
126,20,21,1
126,21,22,1
126,22,23,1
126,23,24,1
126,24,25,1
127,0,1,1
127,1,2,1
127,2,3,1
127,3,4,1
127,4,5,1
127,5,6,1
127,6,7,1
127,7,8,1
127,8,9,1
127,9,10,1
127,10,11,1
127,11,12,1
127,12,13,1
127,13,14,1
127,14,15,1
127,15,16,1
127,16,17,1
127,17,18,1
127,18,19,1
127,19,20,1
127,20,21,1
127,21,22,1
127,22,23,1
127,23,24,1
127,24,25,1
127,25,26,1
127,26,27,1
127,27,28,1
127,28,29,1
127,29,30,1
127,30,31,1
127,31,32,1
127,32,33,1
127,33,34,1
127,34,35,1
127,35,36,1
129,0,1,1
129,1,2,1
129,2,3,1
129,3,4,1
129,4,5,1
129,5,6,1
129,6,7,1
129,7,8,1
129,8,9,1
129,9,10,1
129,10,11,1
129,11,12,1
129,12,13,1
129,13,14,1
129,14,15,1
129,15,16,1
129,16,17,1
129,17,18,1
129,18,19,1
129,19,20,1
129,20,21,1
129,21,22,1
129,22,23,1
129,23,24,1
131,0,1,1
131,1,2,1
131,2,3,1
131,3,4,1
131,4,5,1
131,5,6,1
131,6,7,1
131,7,8,1
131,8,9,1
131,9,10,1
131,10,11,1
131,11,12,1
131,12,13,1
131,13,14,1
131,14,15,1
131,15,16,1
131,16,17,1
131,17,18,1
133,0,1,1
133,1,2,1
133,2,3,1
133,3,4,1
133,4,5,1
133,5,6,1
133,6,7,1
133,7,8,1
133,8,9,1
133,9,10,1
133,10,11,1
133,11,12,1
133,12,13,1
133,13,14,1
133,14,15,1
133,15,16,1
133,16,17,1
133,17,18,1
133,18,19,1
133,19,20,1
133,20,21,1
133,21,22,1
133,22,23,1
133,23,24,1
133,24,25,1
133,25,26,1
133,26,27,1
133,27,28,1
133,28,29,1
133,29,30,1
133,30,31,1
133,31,32,1
133,32,33,1
133,33,34,1
133,34,35,1
133,35,36,1
133,36,37,1
133,37,38,1
133,38,39,1
133,39,40,1
133,40,41,1
133,41,42,1
133,42,43,1
133,43,44,1
133,44,45,1
133,45,46,1
135,0,1,1
135,1,2,1
135,2,3,1
135,3,4,1
135,4,5,1
135,5,6,1
135,6,7,1
135,7,8,1
135,8,9,1
135,9,10,1
135,10,11,1
135,11,12,1
135,12,13,1
135,13,14,1
135,14,15,1
135,15,16,1
135,16,17,1
135,17,18,1
135,18,19,1
135,19,20,1
135,20,21,1
135,21,22,1
135,22,23,1
135,23,24,1
135,24,25,1
135,25,26,1
135,26,27,1
135,27,28,1
137,0,1,1
137,1,2,1
137,2,3,1
137,3,4,1
137,4,5,1
137,5,6,1
137,6,7,1
137,7,8,1
137,8,9,1
137,9,10,1
137,10,11,1
137,11,12,1
137,12,13,1
137,13,14,1
137,14,15,1
137,15,16,1
137,16,17,1
137,17,18,1
137,18,19,1
137,19,20,1
137,20,21,1
137,21,22,1
137,22,23,1
137,23,24,1
137,24,25,1
137,25,26,1
137,26,27,1
137,27,28,1
137,28,29,1
137,29,30,1
137,30,31,1
137,31,32,1
139,0,1,1
139,1,2,1
139,2,3,1
139,3,4,1
139,4,5,1
139,5,6,1
139,6,7,1
139,7,8,1
139,8,9,1
139,9,10,1
139,10,11,1
139,11,12,1
139,12,13,1
139,13,14,1
139,14,15,1
139,15,16,1
139,16,17,1
139,17,18,1
139,18,19,1
141,0,1,1
141,1,2,1
141,2,3,1
141,3,4,1
141,4,5,1
141,5,6,1
141,6,7,1
141,7,8,1
141,8,9,1
141,9,10,1
141,10,11,1
141,11,12,1
141,12,13,1
141,13,14,1
141,14,15,1
141,15,16,1
141,16,17,1
141,17,18,1
141,18,19,1
141,19,20,1
141,20,21,1
141,21,22,1
141,22,23,1
141,23,24,1
141,24,25,1
141,25,26,1
141,26,27,1
141,27,28,1
141,28,29,1
141,29,30,1
141,30,31,1
141,31,32,1
141,32,33,1
141,33,34,1
141,34,35,1
141,35,36,1
141,36,37,1
141,37,38,1
141,38,39,1
141,39,40,1
141,40,41,1
141,41,42,1
141,42,43,1
141,43,44,1
141,44,45,1
141,45,46,1
141,46,47,1
141,47,48,1
141,48,49,1
141,49,50,1
141,50,51,1
141,51,52,1
141,52,53,1
141,53,54,1
141,54,55,1
141,55,56,1
141,56,57,1
141,57,58,1
141,58,59,1
141,59,60,1
141,60,61,1
141,61,62,1
141,62,63,1
141,63,64,1
141,64,65,1
141,65,66,1
141,66,67,1
141,67,68,1
141,68,69,1
141,69,70,1
141,70,71,1
141,71,72,1
141,72,73,1
141,73,74,1
141,74,75,1
141,75,76,1
141,76,77,1
141,77,78,1
141,78,79,1
141,79,80,1
141,80,81,1
141,81,82,1
141,82,83,1
141,83,84,1
141,84,85,1
141,85,86,1
141,86,87,1
141,87,88,1
141,88,89,1
141,89,90,1
141,90,91,1
141,91,92,1
141,92,93,1
141,93,94,1
141,94,95,1
141,95,96,1
141,96,97,1
141,97,98,1
141,98,99,1
141,99,100,1
141,100,101,1
141,101,102,1
141,102,103,1
141,103,104,1
141,104,105,1
141,105,106,1
141,106,107,1
141,107,108,1
141,108,109,1
141,109,110,1
141,110,111,1
141,111,112,1
141,112,113,1
141,113,114,1
141,114,115,1
141,115,116,1
141,116,117,1
141,117,118,1
141,118,119,1
141,119,120,1
141,120,121,1
141,121,122,1
141,122,123,1
141,123,124,1
141,124,125,1
141,125,126,1
141,126,127,1
141,127,128,1
141,128,129,1
141,129,130,1
141,130,131,1
141,131,132,1
141,132,133,1
141,133,134,1
141,134,135,1
141,135,136,1
141,136,137,1
141,137,138,1
141,138,139,1
141,139,140,1
141,140,141,1
141,141,142,1
141,142,143,1
141,143,144,1
141,144,145,1
141,145,146,1
141,146,147,1
141,147,148,1
141,148,149,1
141,149,150,1
141,150,151,1
141,151,152,1
141,152,153,1
141,153,154,1
141,154,155,1
141,155,156,1
141,156,157,1
141,157,158,1
141,158,159,1
141,159,160,1
141,160,161,1
141,161,162,1
141,162,163,1
141,163,164,1
141,164,165,1
141,165,166,1
141,166,167,1
141,167,168,1
141,168,169,1
141,169,170,1
141,170,171,1
141,171,172,1
141,172,173,1
141,173,174,1
141,174,175,1
141,175,176,1
141,176,177,1
141,177,178,1
141,178,179,1
141,179,180,1
141,180,181,1
141,181,182,1
141,182,183,1
141,183,184,1
141,184,185,1
141,185,186,1
141,186,187,1
141,187,188,1
141,188,189,1
141,189,190,1
141,190,191,1
141,191,192,1
141,192,193,1
141,193,194,1
141,194,195,1
141,195,196,1
141,196,197,1
141,197,198,1
141,198,199,1
141,199,200,1
141,200,201,1
141,201,202,1
141,202,203,1
141,203,204,1
141,204,205,1
141,205,206,1
141,206,207,1
141,207,208,1
141,208,209,1
141,209,210,1
141,210,211,1
141,211,212,1
141,212,213,1
141,213,214,1
141,214,215,1
141,215,216,1
141,216,217,1
141,217,218,1
141,218,219,1
141,219,220,1
141,220,221,1
141,221,222,1
141,222,223,1
141,223,224,1
141,224,225,1
141,225,226,1
141,226,227,1
141,227,228,1
141,228,229,1
141,229,230,1
141,230,231,1
141,231,232,1
141,232,233,1
141,233,234,1
141,234,235,1
141,235,236,1
141,236,237,1
141,237,238,1
141,238,239,1
141,239,240,1
141,240,241,1
141,241,242,1
141,242,243,1
141,243,244,1
141,244,245,1
141,245,246,1
141,246,247,1
141,247,248,1
141,248,249,1
141,249,250,1
141,250,251,1
141,251,252,1
141,252,253,1
141,253,254,1
141,254,255,1
141,255,256,1
141,256,257,1
141,257,258,1
141,258,259,1
141,259,260,1
141,260,261,1
141,261,262,1
141,262,263,1
141,263,264,1
141,264,265,1
141,265,266,1
141,266,267,1
141,267,268,1
141,268,269,1
141,269,270,1
141,270,271,1
141,271,272,1
141,272,273,1
141,273,274,1
141,274,275,1
141,275,276,1
141,276,277,1
141,277,278,1
141,278,279,1
141,279,280,1
141,280,281,1
141,281,282,1
141,282,283,1
141,283,284,1
141,284,285,1
141,285,286,1
141,286,287,1
141,287,288,1
141,288,289,1
141,289,290,1
141,290,291,1
141,291,292,1
141,292,293,1
141,293,294,1
141,294,295,1
141,295,296,1
141,296,297,1
141,297,298,1
141,298,299,1
141,299,300,1
141,300,301,1
141,301,302,1
141,302,303,1
141,303,304,1
141,304,305,1
141,305,306,1
141,306,307,1
141,307,308,1
141,308,309,1
141,309,310,1
141,310,311,1
141,311,312,1
141,312,313,1
141,313,314,1
141,314,315,1
141,315,316,1
141,316,317,1
141,317,318,1
141,318,319,1
141,319,320,1
141,320,321,1
141,321,322,1
141,322,323,1
141,323,324,1
141,324,325,1
141,325,326,1
141,326,327,1
141,327,328,1
141,328,329,1
141,329,330,1
141,330,331,1
141,331,332,1
141,332,333,1
141,333,334,1
141,334,335,1
141,335,336,1
141,336,337,1
141,337,338,1
141,338,339,1
141,339,340,1
141,340,341,1
141,341,342,1
141,342,343,1
141,343,344,1
141,344,345,1
141,345,346,1
141,346,347,1
141,347,348,1
141,348,349,1
141,349,350,1
141,350,351,1
141,351,352,1
141,352,353,1
141,353,354,1
141,354,355,1
141,355,356,1
141,356,357,1
141,357,358,1
141,358,359,1
141,359,360,1
141,360,361,1
141,361,362,1
141,362,363,1
141,363,364,1
141,364,365,1
141,365,366,1
141,366,367,1
141,367,368,1
141,368,369,1
141,369,370,1
141,370,371,1
141,371,372,1
141,372,373,1
141,373,374,1
141,374,375,1
141,375,376,1
141,376,377,1
141,377,378,1
141,378,379,1
141,379,380,1
141,380,381,1
141,381,382,1
141,382,383,1
141,383,384,1
141,384,385,1
141,385,386,1
141,386,387,1
141,387,388,1
